,Station,Variable,Begin date,End date,Total measurements,Measurements since 2000,Measurements in 2019
0,POLESOUT,NITRATE+NITRITE-N,1988-06-27 13:00:00,2020-06-23 13:02:00,438,252,12
1,POLESOUT,NITRITE-N,1988-06-27 13:00:00,2020-06-23 13:02:00,440,253,12
2,POLESOUT,AMMONIA-N,1988-06-27 13:00:00,2020-06-23 13:02:00,438,252,12
3,POLESOUT,"KJELDAHL NITROGEN, TOTAL",1988-06-27 13:00:00,2014-05-14 10:43:00,363,175,0
4,POLESOUT,"PHOSPHATE, ORTHO AS P",1988-06-27 13:00:00,2020-06-23 13:02:00,440,253,12
5,POLESOUT,"PHOSPHATE, TOTAL AS P",1988-06-27 13:00:00,2020-06-23 13:02:00,442,253,12
6,POLESOUT,NITRATE-N,1988-06-27 13:00:00,2019-11-05 12:13:00,342,174,11
7,POLESOUT,SILICA,1988-07-11 12:05:00,2020-06-23 13:02:00,130,83,4
8,POLESOUT,"CARBON, TOTAL ORGANIC",,,1,1,0
9,POLESOUT,"CARBON, DISSOLVED ORGANIC",,,1,1,0
10,POLESOUT,TOTAL NITROGEN,2014-06-04 12:03:00,2020-06-23 13:02:00,78,78,12
11,POLESOUT,"PHOSPHATE, DISSOLVED AS P",,,0,0,0
12,POLESOUT,"KJELDAHL NITROGEN, DIS",,,0,0,0
13,POLESOUT,"CARBON, TOTAL",,,0,0,0
14,POLESOUT,"CARBON, TOTAL INORGANIC",,,0,0,0
15,POLESOUT,"NITROGEN, TOTAL DISSOLVED",,,0,0,0
16,POLESOUT,CHLOROPHYLL-A,1988-06-27 13:00:00,2011-04-18 14:27:00,310,132,0
17,POLESOUT,PHEOPHYTIN,1988-06-27 13:00:00,2011-04-18 14:27:00,309,132,0
18,POLESOUT,"CHLOROPHYLL-A, CORRECTED",1988-06-27 13:00:00,2011-04-18 14:27:00,310,132,0
19,POLESOUT,CHLOROPHYLL-C,1989-04-03 12:30:00,2011-04-18 14:27:00,280,132,0
20,POLESOUT,CAROTENOIDS,1989-04-03 12:30:00,2011-04-18 14:27:00,293,132,0
21,POLESOUT,CHLOROPHYLL-B,1989-04-03 12:30:00,2011-04-18 14:27:00,293,132,0
22,POLESOUT,CHLOROPHYLL-A(LC),2010-10-20 12:01:00,2020-06-23 13:02:00,127,127,12
23,POLESOUT,PHEOPHYTIN-A(LC),2010-10-20 12:01:00,2020-06-23 13:02:00,127,127,12
24,POLESOUT,CHLOROPHYLL-B(LC),2010-10-20 12:01:00,2020-06-23 13:02:00,72,72,0
25,POLESOUT,RESP. PLANKTONIC,,,0,0,0
26,KISSR0.0,NITRATE+NITRITE-N,1986-07-29 12:38:00,2020-06-23 08:14:00,987,580,35
27,KISSR0.0,NITRITE-N,1986-07-29 12:38:00,2020-06-23 08:14:00,993,586,35
28,KISSR0.0,AMMONIA-N,1986-07-29 12:38:00,2020-06-23 08:14:00,989,582,35
29,KISSR0.0,"KJELDAHL NITROGEN, TOTAL",1986-07-29 12:38:00,2014-05-14 07:41:00,780,369,0
30,KISSR0.0,"PHOSPHATE, ORTHO AS P",1986-07-29 12:38:00,2020-06-23 08:14:00,993,586,35
31,KISSR0.0,"PHOSPHATE, TOTAL AS P",1986-07-29 12:38:00,2020-06-23 08:14:00,996,585,35
32,KISSR0.0,NITRATE-N,1986-07-29 12:38:00,2019-11-05 08:40:00,756,398,33
33,KISSR0.0,SILICA,1988-01-13 14:40:00,2020-06-23 08:14:00,371,292,20
34,KISSR0.0,"CARBON, TOTAL ORGANIC",2003-02-18 08:59:00,2012-09-19 08:07:00,58,58,0
35,KISSR0.0,"CARBON, DISSOLVED ORGANIC",2003-02-18 08:59:00,2012-09-19 08:07:00,61,61,0
36,KISSR0.0,TOTAL NITROGEN,2014-06-04 07:06:00,2020-06-23 08:14:00,216,216,35
37,KISSR0.0,"PHOSPHATE, DISSOLVED AS P",,,1,0,0
38,KISSR0.0,"KJELDAHL NITROGEN, DIS",,,0,0,0
39,KISSR0.0,"CARBON, TOTAL",,,0,0,0
40,KISSR0.0,"CARBON, TOTAL INORGANIC",,,0,0,0
41,KISSR0.0,"NITROGEN, TOTAL DISSOLVED",,,0,0,0
42,KISSR0.0,CHLOROPHYLL-A,1986-07-29 12:38:00,2011-04-18 08:27:00,541,237,0
43,KISSR0.0,PHEOPHYTIN,1986-07-29 12:38:00,2011-04-18 08:27:00,542,238,0
44,KISSR0.0,"CHLOROPHYLL-A, CORRECTED",1986-07-29 12:38:00,2011-04-18 08:27:00,539,237,0
45,KISSR0.0,CHLOROPHYLL-C,1986-07-29 12:38:00,2011-04-18 08:27:00,484,237,0
46,KISSR0.0,CAROTENOIDS,1986-07-29 12:38:00,2011-04-18 08:27:00,498,237,0
47,KISSR0.0,CHLOROPHYLL-B,1986-07-29 12:38:00,2011-04-18 08:27:00,498,237,0
48,KISSR0.0,CHLOROPHYLL-A(LC),2010-10-20 08:03:00,2020-06-23 08:14:00,311,311,35
49,KISSR0.0,PHEOPHYTIN-A(LC),2010-10-20 08:03:00,2020-06-23 08:14:00,311,311,35
50,KISSR0.0,CHLOROPHYLL-B(LC),2010-10-20 08:03:00,2020-06-23 08:14:00,164,164,0
51,KISSR0.0,RESP. PLANKTONIC,,,0,0,0
52,LZ2,NITRATE+NITRITE-N,1978-05-22 15:25:00,2020-06-23 08:40:00,515,250,12
53,LZ2,NITRITE-N,1978-05-22 15:25:00,2020-06-23 08:40:00,516,251,12
54,LZ2,AMMONIA-N,1978-05-22 15:25:00,2020-06-23 08:40:00,515,250,12
55,LZ2,"KJELDAHL NITROGEN, TOTAL",1978-05-22 15:25:00,2014-05-14 08:01:00,436,171,0
56,LZ2,"PHOSPHATE, ORTHO AS P",1978-05-22 15:25:00,2020-06-23 08:40:00,516,251,12
57,LZ2,"PHOSPHATE, TOTAL AS P",1978-05-22 15:25:00,2020-06-23 08:40:00,518,251,12
58,LZ2,NITRATE-N,1978-05-22 15:25:00,2019-11-05 08:54:00,422,179,11
59,LZ2,SILICA,1981-05-19 15:30:00,2020-06-23 08:40:00,141,85,4
60,LZ2,"CARBON, TOTAL ORGANIC",1978-05-22 15:25:00,2012-06-12 14:25:00,23,6,0
61,LZ2,"CARBON, DISSOLVED ORGANIC",2002-12-16 10:15:00,2012-06-12 14:25:00,6,6,0
62,LZ2,TOTAL NITROGEN,2014-06-04 07:56:00,2020-06-23 08:40:00,80,80,12
63,LZ2,"PHOSPHATE, DISSOLVED AS P",,,0,0,0
64,LZ2,"KJELDAHL NITROGEN, DIS",,,0,0,0
65,LZ2,"CARBON, TOTAL",,,0,0,0
66,LZ2,"CARBON, TOTAL INORGANIC",,,0,0,0
67,LZ2,"NITROGEN, TOTAL DISSOLVED",,,0,0,0
68,LZ2,CHLOROPHYLL-A,1986-10-16 10:50:00,2011-04-18 09:06:00,352,129,0
69,LZ2,PHEOPHYTIN,1986-10-16 10:50:00,2011-04-18 09:06:00,350,129,0
70,LZ2,"CHLOROPHYLL-A, CORRECTED",1986-10-16 10:50:00,2011-04-18 09:06:00,355,129,0
71,LZ2,CHLOROPHYLL-C,1986-10-16 10:50:00,2011-04-18 09:06:00,296,129,0
72,LZ2,CAROTENOIDS,1986-10-16 10:50:00,2011-04-18 09:06:00,304,129,0
73,LZ2,CHLOROPHYLL-B,1986-10-16 10:50:00,2011-04-18 09:06:00,304,129,0
74,LZ2,CHLOROPHYLL-A(LC),2010-10-20 09:13:00,2020-06-23 08:40:00,127,127,12
75,LZ2,PHEOPHYTIN-A(LC),2010-10-20 09:13:00,2020-06-23 08:40:00,127,127,12
76,LZ2,CHLOROPHYLL-B(LC),2010-10-20 09:13:00,2020-06-23 08:40:00,72,72,0
77,LZ2,RESP. PLANKTONIC,,,0,0,0
78,S133,NITRATE+NITRITE-N,1973-04-09 00:00:00,2020-06-15 07:51:00,1068,437,24
79,S133,NITRITE-N,1973-04-09 00:00:00,2009-10-28 07:41:00,874,243,0
80,S133,AMMONIA-N,1973-04-09 00:00:00,2020-06-15 07:51:00,1069,437,24
81,S133,"KJELDAHL NITROGEN, TOTAL",1973-04-09 00:00:00,2018-06-04 07:53:00,997,365,0
82,S133,"PHOSPHATE, ORTHO AS P",1973-04-09 00:00:00,2020-06-15 07:51:00,1063,438,24
83,S133,"PHOSPHATE, TOTAL AS P",1973-04-09 00:00:00,2020-06-15 07:51:00,1065,438,24
84,S133,NITRATE-N,1973-04-09 00:00:00,2010-05-26 10:12:00,735,125,0
85,S133,SILICA,1973-04-09 00:00:00,2009-08-26 12:23:00,245,78,0
86,S133,"CARBON, TOTAL ORGANIC",1979-05-14 10:37:00,2020-04-06 07:55:00,106,36,5
87,S133,"CARBON, DISSOLVED ORGANIC",,,0,0,0
88,S133,TOTAL NITROGEN,2017-05-08 07:51:00,2020-06-15 07:51:00,73,73,24
89,S133,"PHOSPHATE, DISSOLVED AS P",,,1,0,0
90,S133,"KJELDAHL NITROGEN, DIS",,,0,0,0
91,S133,"CARBON, TOTAL",,,0,0,0
92,S133,"CARBON, TOTAL INORGANIC",,,0,0,0
93,S133,"NITROGEN, TOTAL DISSOLVED",,,0,0,0
94,S133,CHLOROPHYLL-A,,,0,0,0
95,S133,PHEOPHYTIN,,,0,0,0
96,S133,"CHLOROPHYLL-A, CORRECTED",,,0,0,0
97,S133,CHLOROPHYLL-C,,,0,0,0
98,S133,CAROTENOIDS,,,0,0,0
99,S133,CHLOROPHYLL-B,,,0,0,0
100,S133,CHLOROPHYLL-A(LC),2012-11-14 08:06:00,2020-04-06 07:55:00,32,32,4
101,S133,PHEOPHYTIN-A(LC),2012-11-14 08:06:00,2020-04-06 07:55:00,32,32,4
102,S133,CHLOROPHYLL-B(LC),2012-11-14 08:06:00,2016-01-20 08:42:00,18,18,0
103,S133,RESP. PLANKTONIC,,,0,0,0
104,TCNS228,NITRATE+NITRITE-N,,,0,0,0
105,TCNS228,NITRITE-N,,,0,0,0
106,TCNS228,AMMONIA-N,,,0,0,0
107,TCNS228,"KJELDAHL NITROGEN, TOTAL",,,0,0,0
108,TCNS228,"PHOSPHATE, ORTHO AS P",,,0,0,0
109,TCNS228,"PHOSPHATE, TOTAL AS P",,,0,0,0
110,TCNS228,NITRATE-N,,,0,0,0
111,TCNS228,SILICA,,,0,0,0
112,TCNS228,"CARBON, TOTAL ORGANIC",,,0,0,0
113,TCNS228,"CARBON, DISSOLVED ORGANIC",,,0,0,0
114,TCNS228,TOTAL NITROGEN,,,0,0,0
115,TCNS228,"PHOSPHATE, DISSOLVED AS P",,,0,0,0
116,TCNS228,"KJELDAHL NITROGEN, DIS",,,0,0,0
117,TCNS228,"CARBON, TOTAL",,,0,0,0
118,TCNS228,"CARBON, TOTAL INORGANIC",,,0,0,0
119,TCNS228,"NITROGEN, TOTAL DISSOLVED",,,0,0,0
120,TCNS228,CHLOROPHYLL-A,,,0,0,0
121,TCNS228,PHEOPHYTIN,,,0,0,0
122,TCNS228,"CHLOROPHYLL-A, CORRECTED",,,0,0,0
123,TCNS228,CHLOROPHYLL-C,,,0,0,0
124,TCNS228,CAROTENOIDS,,,0,0,0
125,TCNS228,CHLOROPHYLL-B,,,0,0,0
126,TCNS228,CHLOROPHYLL-A(LC),,,0,0,0
127,TCNS228,PHEOPHYTIN-A(LC),,,0,0,0
128,TCNS228,CHLOROPHYLL-B(LC),,,0,0,0
129,TCNS228,RESP. PLANKTONIC,,,0,0,0
130,S135,NITRATE+NITRITE-N,1973-04-09 00:00:00,2020-06-15 08:51:00,720,298,16
131,S135,NITRITE-N,1973-04-09 00:00:00,2009-10-28 08:15:00,564,142,0
132,S135,AMMONIA-N,1973-04-09 00:00:00,2020-06-15 08:51:00,715,298,16
133,S135,"KJELDAHL NITROGEN, TOTAL",1973-04-09 00:00:00,2018-06-04 09:18:00,664,247,0
134,S135,"PHOSPHATE, ORTHO AS P",1973-04-09 00:00:00,2020-06-15 08:51:00,716,299,16
135,S135,"PHOSPHATE, TOTAL AS P",1973-04-09 00:00:00,2020-06-15 08:51:00,716,299,16
136,S135,NITRATE-N,1973-04-09 00:00:00,2010-05-26 09:30:00,504,87,0
137,S135,SILICA,1973-04-09 00:00:00,2009-08-26 11:22:00,164,41,0
138,S135,"CARBON, TOTAL ORGANIC",1979-05-14 08:35:00,1982-02-24 15:20:00,69,0,0
139,S135,"CARBON, DISSOLVED ORGANIC",,,0,0,0
140,S135,TOTAL NITROGEN,2017-05-08 08:25:00,2020-06-15 08:51:00,52,52,16
141,S135,"PHOSPHATE, DISSOLVED AS P",,,1,0,0
142,S135,"KJELDAHL NITROGEN, DIS",,,0,0,0
143,S135,"CARBON, TOTAL",,,0,0,0
144,S135,"CARBON, TOTAL INORGANIC",,,0,0,0
145,S135,"NITROGEN, TOTAL DISSOLVED",,,0,0,0
146,S135,CHLOROPHYLL-A,,,1,1,0
147,S135,PHEOPHYTIN,,,1,1,0
148,S135,"CHLOROPHYLL-A, CORRECTED",,,1,1,0
149,S135,CHLOROPHYLL-C,,,1,1,0
150,S135,CAROTENOIDS,,,1,1,0
151,S135,CHLOROPHYLL-B,,,1,1,0
152,S135,CHLOROPHYLL-A(LC),,,0,0,0
153,S135,PHEOPHYTIN-A(LC),,,0,0,0
154,S135,CHLOROPHYLL-B(LC),,,0,0,0
155,S135,RESP. PLANKTONIC,,,0,0,0
156,FEBIN,NITRATE+NITRITE-N,1994-12-13 14:11:00,2020-06-01 08:50:00,227,176,4
157,FEBIN,NITRITE-N,1996-01-17 10:05:00,2020-06-01 08:50:00,224,176,4
158,FEBIN,AMMONIA-N,1994-12-13 14:11:00,2020-06-01 08:50:00,227,176,4
159,FEBIN,"KJELDAHL NITROGEN, TOTAL",1994-12-13 14:11:00,2014-05-05 09:35:00,179,128,0
160,FEBIN,"PHOSPHATE, ORTHO AS P",1994-12-13 14:11:00,2020-06-01 08:50:00,227,176,4
161,FEBIN,"PHOSPHATE, TOTAL AS P",1994-12-13 14:11:00,2020-06-01 08:50:00,226,175,4
162,FEBIN,NITRATE-N,1996-01-17 10:05:00,2019-10-07 10:30:00,174,134,3
163,FEBIN,SILICA,,,0,0,0
164,FEBIN,"CARBON, TOTAL ORGANIC",,,0,0,0
165,FEBIN,"CARBON, DISSOLVED ORGANIC",,,0,0,0
166,FEBIN,TOTAL NITROGEN,2014-07-21 09:13:00,2020-06-01 08:50:00,47,47,4
167,FEBIN,"PHOSPHATE, DISSOLVED AS P",1996-01-17 10:05:00,2020-06-01 08:50:00,224,176,4
168,FEBIN,"KJELDAHL NITROGEN, DIS",1996-01-17 10:05:00,2014-05-05 09:35:00,176,129,0
169,FEBIN,"CARBON, TOTAL",,,0,0,0
170,FEBIN,"CARBON, TOTAL INORGANIC",,,0,0,0
171,FEBIN,"NITROGEN, TOTAL DISSOLVED",2014-07-21 09:13:00,2020-06-01 08:50:00,47,47,4
172,FEBIN,CHLOROPHYLL-A,1996-01-17 10:05:00,2010-11-03 09:39:00,147,99,0
173,FEBIN,PHEOPHYTIN,1996-01-17 10:05:00,2010-11-03 09:39:00,147,99,0
174,FEBIN,"CHLOROPHYLL-A, CORRECTED",1996-01-17 10:05:00,2010-11-03 09:39:00,147,99,0
175,FEBIN,CHLOROPHYLL-C,1996-01-17 10:05:00,2010-11-03 09:39:00,147,99,0
176,FEBIN,CAROTENOIDS,1996-01-17 10:05:00,2010-11-03 09:39:00,147,99,0
177,FEBIN,CHLOROPHYLL-B,1996-01-17 10:05:00,2010-11-03 09:39:00,147,99,0
178,FEBIN,CHLOROPHYLL-A(LC),2010-11-03 09:39:00,2020-06-01 08:50:00,77,77,4
179,FEBIN,PHEOPHYTIN-A(LC),2010-11-03 09:39:00,2020-06-01 08:50:00,77,77,4
180,FEBIN,CHLOROPHYLL-B(LC),2010-11-03 09:39:00,2016-04-04 10:15:00,51,51,0
181,FEBIN,RESP. PLANKTONIC,,,0,0,0
182,MBOXSOU,NITRATE+NITRITE-N,1996-01-17 10:13:00,2017-12-18 10:44:00,168,129,0
183,MBOXSOU,NITRITE-N,1996-01-17 10:13:00,2017-12-18 10:44:00,168,129,0
184,MBOXSOU,AMMONIA-N,1996-01-17 10:13:00,2017-12-18 10:44:00,168,129,0
185,MBOXSOU,"KJELDAHL NITROGEN, TOTAL",1996-01-17 10:13:00,2014-03-03 09:45:00,143,104,0
186,MBOXSOU,"PHOSPHATE, ORTHO AS P",1996-01-17 10:13:00,2017-12-18 10:44:00,168,129,0
187,MBOXSOU,"PHOSPHATE, TOTAL AS P",1996-01-17 10:13:00,2017-12-18 10:44:00,168,129,0
188,MBOXSOU,NITRATE-N,1996-01-17 10:13:00,2017-12-18 10:44:00,121,87,0
189,MBOXSOU,SILICA,,,0,0,0
190,MBOXSOU,"CARBON, TOTAL ORGANIC",,,0,0,0
191,MBOXSOU,"CARBON, DISSOLVED ORGANIC",,,0,0,0
192,MBOXSOU,TOTAL NITROGEN,2014-08-04 09:13:00,2017-12-18 10:44:00,25,25,0
193,MBOXSOU,"PHOSPHATE, DISSOLVED AS P",1996-01-17 10:13:00,2017-12-18 10:44:00,168,129,0
194,MBOXSOU,"KJELDAHL NITROGEN, DIS",1996-01-17 10:13:00,2014-03-03 09:45:00,143,104,0
195,MBOXSOU,"CARBON, TOTAL",,,0,0,0
196,MBOXSOU,"CARBON, TOTAL INORGANIC",,,0,0,0
197,MBOXSOU,"NITROGEN, TOTAL DISSOLVED",2014-08-04 09:13:00,2017-12-18 10:44:00,25,25,0
198,MBOXSOU,CHLOROPHYLL-A,1996-01-17 10:13:00,2010-11-03 09:43:00,125,86,0
199,MBOXSOU,PHEOPHYTIN,1996-01-17 10:13:00,2010-11-03 09:43:00,125,86,0
200,MBOXSOU,"CHLOROPHYLL-A, CORRECTED",1996-01-17 10:13:00,2010-11-03 09:43:00,125,86,0
201,MBOXSOU,CHLOROPHYLL-C,1996-01-17 10:13:00,2010-11-03 09:43:00,125,86,0
202,MBOXSOU,CAROTENOIDS,1996-01-17 10:13:00,2010-11-03 09:43:00,125,86,0
203,MBOXSOU,CHLOROPHYLL-B,1996-01-17 10:13:00,2010-11-03 09:43:00,125,86,0
204,MBOXSOU,CHLOROPHYLL-A(LC),2010-11-03 09:43:00,2017-12-18 10:44:00,44,44,0
205,MBOXSOU,PHEOPHYTIN-A(LC),2010-11-03 09:43:00,2017-12-18 10:44:00,44,44,0
206,MBOXSOU,CHLOROPHYLL-B(LC),2010-11-03 09:43:00,2016-04-04 10:26:00,31,31,0
207,MBOXSOU,RESP. PLANKTONIC,,,0,0,0
208,MH24000,NITRATE+NITRITE-N,1996-01-17 10:26:00,2017-12-18 11:05:00,158,118,0
209,MH24000,NITRITE-N,1996-01-17 10:26:00,2017-12-18 11:05:00,158,118,0
210,MH24000,AMMONIA-N,1996-01-17 10:26:00,2017-12-18 11:05:00,158,118,0
211,MH24000,"KJELDAHL NITROGEN, TOTAL",1996-01-17 10:26:00,2014-03-03 10:03:00,137,97,0
212,MH24000,"PHOSPHATE, ORTHO AS P",1996-01-17 10:26:00,2017-12-18 11:05:00,158,118,0
213,MH24000,"PHOSPHATE, TOTAL AS P",1996-01-17 10:26:00,2017-12-18 11:05:00,158,118,0
214,MH24000,NITRATE-N,1996-01-17 10:26:00,2017-12-18 11:05:00,99,66,0
215,MH24000,SILICA,,,0,0,0
216,MH24000,"CARBON, TOTAL ORGANIC",,,0,0,0
217,MH24000,"CARBON, DISSOLVED ORGANIC",,,0,0,0
218,MH24000,TOTAL NITROGEN,2014-09-02 09:51:00,2017-12-18 11:05:00,21,21,0
219,MH24000,"PHOSPHATE, DISSOLVED AS P",1996-01-17 10:26:00,2017-12-18 11:05:00,158,118,0
220,MH24000,"KJELDAHL NITROGEN, DIS",1996-01-17 10:26:00,2014-03-03 10:03:00,137,97,0
221,MH24000,"CARBON, TOTAL",,,0,0,0
222,MH24000,"CARBON, TOTAL INORGANIC",,,0,0,0
223,MH24000,"NITROGEN, TOTAL DISSOLVED",2014-09-02 09:51:00,2017-12-18 11:05:00,21,21,0
224,MH24000,CHLOROPHYLL-A,1996-01-17 10:26:00,2010-10-06 09:44:00,120,80,0
225,MH24000,PHEOPHYTIN,1996-01-17 10:26:00,2010-10-06 09:44:00,120,80,0
226,MH24000,"CHLOROPHYLL-A, CORRECTED",1996-01-17 10:26:00,2010-10-06 09:44:00,120,80,0
227,MH24000,CHLOROPHYLL-C,1996-01-17 10:26:00,2010-10-06 09:44:00,120,80,0
228,MH24000,CAROTENOIDS,1996-01-17 10:26:00,2010-10-06 09:44:00,120,80,0
229,MH24000,CHLOROPHYLL-B,1996-01-17 10:26:00,2010-10-06 09:44:00,120,80,0
230,MH24000,CHLOROPHYLL-A(LC),2011-11-15 10:40:00,2017-12-18 11:05:00,38,38,0
231,MH24000,PHEOPHYTIN-A(LC),2011-11-15 10:40:00,2017-12-18 11:05:00,38,38,0
232,MH24000,CHLOROPHYLL-B(LC),2011-11-15 10:40:00,2016-04-04 10:46:00,28,28,0
233,MH24000,RESP. PLANKTONIC,,,0,0,0
234,FEBOUT,NITRATE+NITRITE-N,1994-12-13 13:07:00,2020-06-01 08:34:00,223,176,1
235,FEBOUT,NITRITE-N,1996-01-17 09:57:00,2020-06-01 08:34:00,220,176,1
236,FEBOUT,AMMONIA-N,1994-12-13 13:07:00,2020-06-01 08:34:00,223,176,1
237,FEBOUT,"KJELDAHL NITROGEN, TOTAL",1994-12-13 13:07:00,2014-05-05 09:19:00,187,127,0
238,FEBOUT,"PHOSPHATE, ORTHO AS P",1994-12-13 13:07:00,2020-06-01 08:34:00,235,176,1
239,FEBOUT,"PHOSPHATE, TOTAL AS P",1994-12-13 13:07:00,2020-06-01 08:34:00,236,176,1
240,FEBOUT,NITRATE-N,1996-01-17 09:57:00,2018-11-05 09:18:00,140,104,0
241,FEBOUT,SILICA,,,0,0,0
242,FEBOUT,"CARBON, TOTAL ORGANIC",,,0,0,0
243,FEBOUT,"CARBON, DISSOLVED ORGANIC",1998-04-22 11:17:00,1999-07-27 11:30:00,12,0,0
244,FEBOUT,TOTAL NITROGEN,2014-07-21 09:05:00,2020-06-01 08:34:00,49,49,1
245,FEBOUT,"PHOSPHATE, DISSOLVED AS P",1996-01-17 09:57:00,2020-06-01 08:34:00,220,176,1
246,FEBOUT,"KJELDAHL NITROGEN, DIS",1996-01-17 09:57:00,2014-05-05 09:19:00,171,127,0
247,FEBOUT,"CARBON, TOTAL",,,0,0,0
248,FEBOUT,"CARBON, TOTAL INORGANIC",,,0,0,0
249,FEBOUT,"NITROGEN, TOTAL DISSOLVED",2014-07-21 09:05:00,2020-06-01 08:34:00,49,49,1
250,FEBOUT,CHLOROPHYLL-A,1996-01-17 09:57:00,2010-11-03 09:31:00,146,101,0
251,FEBOUT,PHEOPHYTIN,1996-01-17 09:57:00,2010-11-03 09:31:00,146,101,0
252,FEBOUT,"CHLOROPHYLL-A, CORRECTED",1996-01-17 09:57:00,2010-11-03 09:31:00,146,101,0
253,FEBOUT,CHLOROPHYLL-C,1996-01-17 09:57:00,2010-11-03 09:31:00,146,101,0
254,FEBOUT,CAROTENOIDS,1996-01-17 09:57:00,2010-11-03 09:31:00,146,101,0
255,FEBOUT,CHLOROPHYLL-B,1996-01-17 09:57:00,2010-11-03 09:31:00,146,101,0
256,FEBOUT,CHLOROPHYLL-A(LC),2010-11-03 09:31:00,2020-06-01 08:34:00,75,75,1
257,FEBOUT,PHEOPHYTIN-A(LC),2010-11-03 09:31:00,2020-06-01 08:34:00,75,75,1
258,FEBOUT,CHLOROPHYLL-B(LC),2010-11-03 09:31:00,2016-04-04 09:57:00,47,47,0
259,FEBOUT,RESP. PLANKTONIC,,,0,0,0
260,L005,NITRATE+NITRITE-N,1972-11-06 15:20:00,2020-06-23 11:55:00,2161,353,12
261,L005,NITRITE-N,1972-11-06 15:20:00,2020-06-23 11:55:00,1157,345,12
262,L005,AMMONIA-N,1972-11-06 15:20:00,2020-06-23 11:55:00,2159,356,12
263,L005,"KJELDAHL NITROGEN, TOTAL",1972-11-06 15:20:00,2014-05-14 10:20:00,2107,264,0
264,L005,"PHOSPHATE, ORTHO AS P",1972-11-06 15:20:00,2020-06-23 11:55:00,1369,358,12
265,L005,"PHOSPHATE, TOTAL AS P",1972-11-06 15:20:00,2020-06-23 11:55:00,2183,341,12
266,L005,NITRATE-N,1972-11-06 15:20:00,2019-11-05 11:52:00,983,207,11
267,L005,SILICA,1972-11-06 15:20:00,2020-06-23 11:55:00,394,137,4
268,L005,"CARBON, TOTAL ORGANIC",1977-10-11 12:00:00,2012-09-18 12:49:00,256,184,0
269,L005,"CARBON, DISSOLVED ORGANIC",1972-11-06 15:20:00,2012-09-18 12:49:00,207,187,0
270,L005,TOTAL NITROGEN,2014-06-04 11:32:00,2020-06-23 11:55:00,77,77,12
271,L005,"PHOSPHATE, DISSOLVED AS P",1974-07-03 11:30:00,1977-11-21 11:05:00,8,0,0
272,L005,"KJELDAHL NITROGEN, DIS",,,1,0,0
273,L005,"CARBON, TOTAL",1972-12-12 10:30:00,1977-09-13 11:00:00,17,0,0
274,L005,"CARBON, TOTAL INORGANIC",1972-12-12 10:30:00,1977-09-13 11:00:00,17,0,0
275,L005,"NITROGEN, TOTAL DISSOLVED",,,0,0,0
276,L005,CHLOROPHYLL-A,1974-10-01 00:00:00,2011-04-19 08:40:00,790,223,0
277,L005,PHEOPHYTIN,1974-10-19 00:00:00,2011-04-19 08:40:00,771,219,0
278,L005,"CHLOROPHYLL-A, CORRECTED",1979-12-11 11:18:00,2011-04-19 08:40:00,700,223,0
279,L005,CHLOROPHYLL-C,1979-12-11 11:18:00,2011-04-19 08:40:00,608,219,0
280,L005,CAROTENOIDS,1974-10-01 00:00:00,2011-04-19 08:40:00,744,219,0
281,L005,CHLOROPHYLL-B,1979-12-11 11:18:00,2011-04-19 08:40:00,609,219,0
282,L005,CHLOROPHYLL-A(LC),2010-10-21 08:41:00,2020-06-23 11:55:00,131,131,12
283,L005,PHEOPHYTIN-A(LC),2010-10-21 08:41:00,2020-06-23 11:55:00,131,131,12
284,L005,CHLOROPHYLL-B(LC),2010-10-21 08:41:00,2020-06-23 11:55:00,79,79,0
285,L005,RESP. PLANKTONIC,1973-01-16 17:00:00,1977-11-21 11:05:00,95,0,0
286,L008,NITRATE+NITRITE-N,1972-12-12 11:30:00,2020-06-23 11:32:00,734,269,12
287,L008,NITRITE-N,1972-12-12 11:30:00,2020-06-23 11:32:00,732,270,12
288,L008,AMMONIA-N,1972-12-12 11:30:00,2020-06-23 11:32:00,732,269,12
289,L008,"KJELDAHL NITROGEN, TOTAL",1972-12-12 11:30:00,2014-05-14 10:05:00,657,192,0
290,L008,"PHOSPHATE, ORTHO AS P",1972-12-12 11:30:00,2020-06-23 11:32:00,738,270,12
291,L008,"PHOSPHATE, TOTAL AS P",1972-12-12 11:30:00,2020-06-23 11:32:00,736,269,12
292,L008,NITRATE-N,1972-12-12 11:30:00,2019-11-05 11:32:00,599,161,11
293,L008,SILICA,1972-12-12 11:30:00,2020-06-23 11:32:00,286,87,4
294,L008,"CARBON, TOTAL ORGANIC",1977-10-11 12:40:00,2012-09-19 13:33:00,181,122,0
295,L008,"CARBON, DISSOLVED ORGANIC",1972-12-12 11:30:00,2012-09-19 13:33:00,144,123,0
296,L008,TOTAL NITROGEN,2014-06-04 11:09:00,2020-06-23 11:32:00,77,77,12
297,L008,"PHOSPHATE, DISSOLVED AS P",1974-08-29 11:20:00,1977-11-21 12:15:00,10,0,0
298,L008,"KJELDAHL NITROGEN, DIS",,,0,0,0
299,L008,"CARBON, TOTAL",1972-12-12 11:30:00,1977-09-13 11:25:00,19,0,0
300,L008,"CARBON, TOTAL INORGANIC",1972-12-12 11:30:00,1977-09-13 11:25:00,19,0,0
301,L008,"NITROGEN, TOTAL DISSOLVED",,,0,0,0
302,L008,CHLOROPHYLL-A,1974-09-13 00:00:00,2011-04-18 13:27:00,494,156,0
303,L008,PHEOPHYTIN,1974-09-13 00:00:00,2011-04-18 13:27:00,485,156,0
304,L008,"CHLOROPHYLL-A, CORRECTED",1979-12-11 11:30:00,2011-04-18 13:27:00,436,156,0
305,L008,CHLOROPHYLL-C,1980-02-08 11:20:00,2011-04-18 13:27:00,360,156,0
306,L008,CAROTENOIDS,1974-09-13 00:00:00,2011-04-18 13:27:00,455,156,0
307,L008,CHLOROPHYLL-B,1979-12-11 11:30:00,2011-04-18 13:27:00,364,156,0
308,L008,CHLOROPHYLL-A(LC),2010-10-20 11:22:00,2020-06-23 11:32:00,121,121,12
309,L008,PHEOPHYTIN-A(LC),2010-10-20 11:22:00,2020-06-23 11:32:00,121,121,12
310,L008,CHLOROPHYLL-B(LC),2010-10-20 11:22:00,2020-06-23 11:32:00,68,68,0
311,L008,RESP. PLANKTONIC,,,2,0,0
312,LZ40,NITRATE+NITRITE-N,1978-06-12 10:08:00,2020-06-03 09:52:00,3819,295,12
313,LZ40,NITRITE-N,1978-06-12 10:08:00,2020-06-03 09:52:00,601,260,12
314,LZ40,AMMONIA-N,1978-06-12 10:08:00,2020-06-03 09:52:00,3819,295,12
315,LZ40,"KJELDAHL NITROGEN, TOTAL",1978-06-12 10:08:00,2014-05-14 09:44:00,3735,185,0
316,LZ40,"PHOSPHATE, ORTHO AS P",1978-06-12 10:08:00,2020-06-03 09:52:00,904,296,12
317,LZ40,"PHOSPHATE, TOTAL AS P",1978-06-12 10:08:00,2020-06-03 09:52:00,3882,260,12
318,LZ40,NITRATE-N,1978-06-12 10:08:00,2019-11-05 10:57:00,485,160,11
319,LZ40,SILICA,1997-01-06 10:20:00,2020-06-03 09:52:00,96,84,4
320,LZ40,"CARBON, TOTAL ORGANIC",1978-06-12 10:08:00,2006-03-14 12:27:00,20,5,0
321,LZ40,"CARBON, DISSOLVED ORGANIC",2003-06-09 09:56:00,2006-03-14 12:27:00,5,5,0
322,LZ40,TOTAL NITROGEN,2014-06-04 10:37:00,2020-06-03 09:52:00,75,75,12
323,LZ40,"PHOSPHATE, DISSOLVED AS P",1990-03-27 03:30:00,1990-03-30 11:30:00,70,0,0
324,LZ40,"KJELDAHL NITROGEN, DIS",,,0,0,0
325,LZ40,"CARBON, TOTAL",,,0,0,0
326,LZ40,"CARBON, TOTAL INORGANIC",,,0,0,0
327,LZ40,"NITROGEN, TOTAL DISSOLVED",,,0,0,0
328,LZ40,CHLOROPHYLL-A,1993-06-10 11:00:00,2011-04-18 12:23:00,452,171,0
329,LZ40,PHEOPHYTIN,1993-06-10 11:00:00,2011-04-18 12:23:00,439,162,0
330,LZ40,"CHLOROPHYLL-A, CORRECTED",1993-06-10 11:00:00,2011-04-18 12:23:00,448,171,0
331,LZ40,CHLOROPHYLL-C,1993-06-10 11:00:00,2011-04-18 12:23:00,443,162,0
332,LZ40,CAROTENOIDS,1993-06-10 11:00:00,2011-04-18 12:23:00,442,162,0
333,LZ40,CHLOROPHYLL-B,1993-06-10 11:00:00,2011-04-18 12:23:00,443,162,0
334,LZ40,CHLOROPHYLL-A(LC),2010-10-20 11:00:00,2020-06-03 09:52:00,118,118,12
335,LZ40,PHEOPHYTIN-A(LC),2010-10-20 11:00:00,2020-06-03 09:52:00,118,118,12
336,LZ40,CHLOROPHYLL-B(LC),2010-10-20 11:00:00,2016-04-05 11:03:00,66,66,0
337,LZ40,RESP. PLANKTONIC,,,0,0,0
338,L004,NITRATE+NITRITE-N,1972-11-06 12:55:00,2020-06-23 10:55:00,772,259,12
339,L004,NITRITE-N,1972-11-06 12:55:00,2020-06-23 10:55:00,777,261,12
340,L004,AMMONIA-N,1972-11-06 12:55:00,2020-06-23 10:55:00,774,260,12
341,L004,"KJELDAHL NITROGEN, TOTAL",1972-11-06 12:55:00,2014-05-14 08:54:00,700,184,0
342,L004,"PHOSPHATE, ORTHO AS P",1972-11-06 12:55:00,2020-06-23 10:55:00,772,261,12
343,L004,"PHOSPHATE, TOTAL AS P",1972-11-06 12:55:00,2020-06-23 10:55:00,771,260,12
344,L004,NITRATE-N,1972-11-06 12:55:00,2019-11-05 10:05:00,661,168,11
345,L004,SILICA,1972-11-06 12:55:00,2020-06-23 10:55:00,325,87,4
346,L004,"CARBON, TOTAL ORGANIC",1977-10-11 14:55:00,2012-09-19 10:38:00,182,118,0
347,L004,"CARBON, DISSOLVED ORGANIC",1972-11-06 12:55:00,2012-09-19 10:38:00,135,119,0
348,L004,TOTAL NITROGEN,2014-06-04 09:13:00,2020-06-23 10:55:00,76,76,12
349,L004,"PHOSPHATE, DISSOLVED AS P",1974-08-28 13:50:00,1977-11-21 09:50:00,6,0,0
350,L004,"KJELDAHL NITROGEN, DIS",,,1,0,0
351,L004,"CARBON, TOTAL",1972-12-11 12:15:00,1977-09-13 13:40:00,13,0,0
352,L004,"CARBON, TOTAL INORGANIC",1972-12-11 12:15:00,1977-09-13 13:40:00,13,0,0
353,L004,"NITROGEN, TOTAL DISSOLVED",,,0,0,0
354,L004,CHLOROPHYLL-A,1974-09-13 00:00:00,2011-04-18 10:58:00,514,147,0
355,L004,PHEOPHYTIN,1974-10-01 00:00:00,2011-04-18 10:58:00,501,147,0
356,L004,"CHLOROPHYLL-A, CORRECTED",1979-12-11 13:20:00,2011-04-18 10:58:00,435,147,0
357,L004,CHLOROPHYLL-C,1979-12-11 13:20:00,2011-04-18 10:58:00,360,147,0
358,L004,CAROTENOIDS,1974-09-13 00:00:00,2011-04-18 10:58:00,475,147,0
359,L004,CHLOROPHYLL-B,1979-12-11 13:20:00,2011-04-18 10:58:00,364,147,0
360,L004,CHLOROPHYLL-A(LC),2010-10-20 10:03:00,2020-06-23 10:55:00,119,119,12
361,L004,PHEOPHYTIN-A(LC),2010-10-20 10:03:00,2020-06-23 10:55:00,119,119,12
362,L004,CHLOROPHYLL-B(LC),2010-10-20 10:03:00,2020-06-23 10:55:00,67,67,0
363,L004,RESP. PLANKTONIC,1973-04-19 16:30:00,1981-05-28 00:00:00,52,0,0
364,S308C,NITRATE+NITRITE-N,1973-01-15 13:15:00,2020-06-15 09:30:00,1332,974,54
365,S308C,NITRITE-N,1973-01-15 13:15:00,2009-10-28 08:37:00,737,382,0
366,S308C,AMMONIA-N,1973-01-15 13:15:00,2020-06-15 09:30:00,1330,974,54
367,S308C,"KJELDAHL NITROGEN, TOTAL",1973-01-15 13:15:00,2018-11-19 09:50:00,1179,819,0
368,S308C,"PHOSPHATE, ORTHO AS P",1973-01-15 13:15:00,2020-06-15 09:30:00,1316,958,52
369,S308C,"PHOSPHATE, TOTAL AS P",1973-01-15 13:15:00,2020-06-15 09:30:00,1382,1023,53
370,S308C,NITRATE-N,1973-01-15 13:15:00,2010-05-26 07:37:00,567,215,0
371,S308C,SILICA,1973-01-15 13:15:00,2009-08-26 08:51:00,163,70,0
372,S308C,"CARBON, TOTAL ORGANIC",1981-07-16 13:51:00,2020-06-15 09:30:00,612,598,54
373,S308C,"CARBON, DISSOLVED ORGANIC",1973-01-15 13:15:00,2001-08-28 09:45:00,6,2,0
374,S308C,TOTAL NITROGEN,2017-04-24 08:51:00,2020-06-15 09:30:00,162,162,54
375,S308C,"PHOSPHATE, DISSOLVED AS P",,,2,2,0
376,S308C,"KJELDAHL NITROGEN, DIS",,,2,2,0
377,S308C,"CARBON, TOTAL",1973-01-15 13:15:00,1973-04-10 12:25:00,4,0,0
378,S308C,"CARBON, TOTAL INORGANIC",1973-01-15 13:15:00,1973-04-10 12:25:00,4,0,0
379,S308C,"NITROGEN, TOTAL DISSOLVED",,,0,0,0
380,S308C,CHLOROPHYLL-A,1988-06-20 11:08:00,2011-04-20 08:26:00,161,160,0
381,S308C,PHEOPHYTIN,1988-06-20 11:08:00,2011-04-20 08:26:00,151,150,0
382,S308C,"CHLOROPHYLL-A, CORRECTED",1988-06-20 11:08:00,2011-04-20 08:26:00,161,160,0
383,S308C,CHLOROPHYLL-C,2001-08-28 09:30:00,2011-04-20 08:26:00,150,150,0
384,S308C,CAROTENOIDS,2001-08-28 09:30:00,2011-04-20 08:26:00,150,150,0
385,S308C,CHLOROPHYLL-B,2001-08-28 09:30:00,2011-04-20 08:26:00,150,150,0
386,S308C,CHLOROPHYLL-A(LC),2010-10-13 07:57:00,2020-06-15 09:30:00,537,537,52
387,S308C,PHEOPHYTIN-A(LC),2010-10-13 07:57:00,2020-06-15 09:30:00,537,537,52
388,S308C,CHLOROPHYLL-B(LC),2010-10-13 07:57:00,2020-06-15 09:30:00,301,301,0
389,S308C,RESP. PLANKTONIC,,,0,0,0
390,PALMOUNT,NITRATE+NITRITE-N,,,0,0,0
391,PALMOUNT,NITRITE-N,,,0,0,0
392,PALMOUNT,AMMONIA-N,,,0,0,0
393,PALMOUNT,"KJELDAHL NITROGEN, TOTAL",,,0,0,0
394,PALMOUNT,"PHOSPHATE, ORTHO AS P",,,0,0,0
395,PALMOUNT,"PHOSPHATE, TOTAL AS P",,,0,0,0
396,PALMOUNT,NITRATE-N,,,0,0,0
397,PALMOUNT,SILICA,,,0,0,0
398,PALMOUNT,"CARBON, TOTAL ORGANIC",,,0,0,0
399,PALMOUNT,"CARBON, DISSOLVED ORGANIC",,,0,0,0
400,PALMOUNT,TOTAL NITROGEN,,,0,0,0
401,PALMOUNT,"PHOSPHATE, DISSOLVED AS P",,,0,0,0
402,PALMOUNT,"KJELDAHL NITROGEN, DIS",,,0,0,0
403,PALMOUNT,"CARBON, TOTAL",,,0,0,0
404,PALMOUNT,"CARBON, TOTAL INORGANIC",,,0,0,0
405,PALMOUNT,"NITROGEN, TOTAL DISSOLVED",,,0,0,0
406,PALMOUNT,CHLOROPHYLL-A,,,0,0,0
407,PALMOUNT,PHEOPHYTIN,,,0,0,0
408,PALMOUNT,"CHLOROPHYLL-A, CORRECTED",,,0,0,0
409,PALMOUNT,CHLOROPHYLL-C,,,0,0,0
410,PALMOUNT,CAROTENOIDS,,,0,0,0
411,PALMOUNT,CHLOROPHYLL-B,,,0,0,0
412,PALMOUNT,CHLOROPHYLL-A(LC),,,0,0,0
413,PALMOUNT,PHEOPHYTIN-A(LC),,,0,0,0
414,PALMOUNT,CHLOROPHYLL-B(LC),,,0,0,0
415,PALMOUNT,RESP. PLANKTONIC,,,0,0,0
416,S169,NITRATE+NITRITE-N,1985-05-06 09:51:00,2020-06-15 12:25:00,575,350,27
417,S169,NITRITE-N,1985-05-06 09:51:00,2009-10-28 13:16:00,392,167,0
418,S169,AMMONIA-N,1985-05-06 09:51:00,2020-06-15 12:25:00,575,350,27
419,S169,"KJELDAHL NITROGEN, TOTAL",1985-05-06 09:51:00,2018-11-19 13:25:00,504,279,0
420,S169,"PHOSPHATE, ORTHO AS P",1985-05-06 09:51:00,2020-06-15 12:25:00,575,350,26
421,S169,"PHOSPHATE, TOTAL AS P",1985-05-06 09:51:00,2020-06-15 12:25:00,574,349,27
422,S169,NITRATE-N,1985-05-06 09:51:00,2010-04-21 11:45:00,359,138,0
423,S169,SILICA,1985-05-20 11:05:00,2009-08-26 14:56:00,88,40,0
424,S169,"CARBON, TOTAL ORGANIC",,,2,2,1
425,S169,"CARBON, DISSOLVED ORGANIC",,,0,0,0
426,S169,TOTAL NITROGEN,2017-05-08 11:02:00,2020-06-15 12:25:00,71,71,27
427,S169,"PHOSPHATE, DISSOLVED AS P",,,0,0,0
428,S169,"KJELDAHL NITROGEN, DIS",,,0,0,0
429,S169,"CARBON, TOTAL",,,0,0,0
430,S169,"CARBON, TOTAL INORGANIC",,,0,0,0
431,S169,"NITROGEN, TOTAL DISSOLVED",,,0,0,0
432,S169,CHLOROPHYLL-A,,,0,0,0
433,S169,PHEOPHYTIN,,,0,0,0
434,S169,"CHLOROPHYLL-A, CORRECTED",,,0,0,0
435,S169,CHLOROPHYLL-C,,,0,0,0
436,S169,CAROTENOIDS,,,0,0,0
437,S169,CHLOROPHYLL-B,,,0,0,0
438,S169,CHLOROPHYLL-A(LC),,,1,1,0
439,S169,PHEOPHYTIN-A(LC),,,1,1,0
440,S169,CHLOROPHYLL-B(LC),,,1,1,0
441,S169,RESP. PLANKTONIC,,,0,0,0
442,S236,NITRATE+NITRITE-N,1979-05-14 14:02:00,2019-02-25 13:40:00,472,211,1
443,S236,NITRITE-N,1979-05-14 14:02:00,2009-10-28 12:20:00,397,136,0
444,S236,AMMONIA-N,1979-05-14 14:02:00,2019-02-25 13:40:00,471,211,1
445,S236,"KJELDAHL NITROGEN, TOTAL",1979-05-14 14:02:00,2018-06-04 14:05:00,462,202,0
446,S236,"PHOSPHATE, ORTHO AS P",1979-05-14 14:02:00,2019-02-25 13:40:00,471,211,1
447,S236,"PHOSPHATE, TOTAL AS P",1979-05-14 14:02:00,2019-02-25 13:40:00,471,211,1
448,S236,NITRATE-N,1979-05-14 14:02:00,2010-05-26 11:11:00,393,133,0
449,S236,SILICA,1982-02-24 10:00:00,2009-08-26 14:01:00,99,44,0
450,S236,"CARBON, TOTAL ORGANIC",1979-05-14 14:02:00,1982-02-24 10:00:00,70,0,0
451,S236,"CARBON, DISSOLVED ORGANIC",,,0,0,0
452,S236,TOTAL NITROGEN,2017-06-05 11:46:00,2019-02-25 13:40:00,9,9,1
453,S236,"PHOSPHATE, DISSOLVED AS P",,,0,0,0
454,S236,"KJELDAHL NITROGEN, DIS",,,0,0,0
455,S236,"CARBON, TOTAL",,,0,0,0
456,S236,"CARBON, TOTAL INORGANIC",,,0,0,0
457,S236,"NITROGEN, TOTAL DISSOLVED",,,0,0,0
458,S236,CHLOROPHYLL-A,,,0,0,0
459,S236,PHEOPHYTIN,,,0,0,0
460,S236,"CHLOROPHYLL-A, CORRECTED",,,0,0,0
461,S236,CHLOROPHYLL-C,,,0,0,0
462,S236,CAROTENOIDS,,,0,0,0
463,S236,CHLOROPHYLL-B,,,0,0,0
464,S236,CHLOROPHYLL-A(LC),,,0,0,0
465,S236,PHEOPHYTIN-A(LC),,,0,0,0
466,S236,CHLOROPHYLL-B(LC),,,0,0,0
467,S236,RESP. PLANKTONIC,,,0,0,0
468,POLE3S,NITRATE+NITRITE-N,1994-06-13 11:29:00,2020-04-08 10:55:00,378,267,12
469,POLE3S,NITRITE-N,1994-06-13 11:29:00,2020-04-08 10:55:00,362,251,12
470,POLE3S,AMMONIA-N,1994-06-13 11:29:00,2020-04-08 10:55:00,378,267,12
471,POLE3S,"KJELDAHL NITROGEN, TOTAL",1994-06-13 11:29:00,2014-05-13 09:57:00,292,181,0
472,POLE3S,"PHOSPHATE, ORTHO AS P",1994-06-13 11:29:00,2020-04-08 10:55:00,378,267,12
473,POLE3S,"PHOSPHATE, TOTAL AS P",1994-06-13 11:29:00,2020-04-08 10:55:00,362,251,12
474,POLE3S,NITRATE-N,1994-06-13 11:29:00,2020-01-15 12:06:00,260,165,11
475,POLE3S,SILICA,1994-07-07 12:03:00,2020-04-08 10:55:00,105,79,4
476,POLE3S,"CARBON, TOTAL ORGANIC",2000-10-06 15:35:00,2012-03-19 12:11:00,5,5,0
477,POLE3S,"CARBON, DISSOLVED ORGANIC",2000-10-06 15:35:00,2012-03-19 12:11:00,5,5,0
478,POLE3S,TOTAL NITROGEN,2014-06-03 11:03:00,2020-04-08 10:55:00,70,70,12
479,POLE3S,"PHOSPHATE, DISSOLVED AS P",,,1,1,0
480,POLE3S,"KJELDAHL NITROGEN, DIS",,,1,1,0
481,POLE3S,"CARBON, TOTAL",,,0,0,0
482,POLE3S,"CARBON, TOTAL INORGANIC",,,0,0,0
483,POLE3S,"NITROGEN, TOTAL DISSOLVED",,,0,0,0
484,POLE3S,CHLOROPHYLL-A,1994-06-13 11:29:00,2011-04-19 11:32:00,250,145,0
485,POLE3S,PHEOPHYTIN,1994-06-13 11:29:00,2011-04-19 11:32:00,244,139,0
486,POLE3S,"CHLOROPHYLL-A, CORRECTED",1994-06-13 11:29:00,2011-04-19 11:32:00,250,145,0
487,POLE3S,CHLOROPHYLL-C,1994-06-13 11:29:00,2011-04-19 11:32:00,244,139,0
488,POLE3S,CAROTENOIDS,1994-06-13 11:29:00,2011-04-19 11:32:00,244,139,0
489,POLE3S,CHLOROPHYLL-B,1994-06-13 11:29:00,2011-04-19 11:32:00,244,139,0
490,POLE3S,CHLOROPHYLL-A(LC),2010-10-21 11:55:00,2020-04-08 10:55:00,119,119,12
491,POLE3S,PHEOPHYTIN-A(LC),2010-10-21 11:55:00,2020-04-08 10:55:00,119,119,12
492,POLE3S,CHLOROPHYLL-B(LC),2010-10-21 11:55:00,2016-03-02 11:14:00,71,71,0
493,POLE3S,RESP. PLANKTONIC,,,0,0,0
494,RITTAE2,NITRATE+NITRITE-N,2009-10-12 11:32:00,2020-04-08 10:32:00,124,124,12
495,RITTAE2,NITRITE-N,2009-10-12 11:32:00,2020-04-08 10:32:00,124,124,12
496,RITTAE2,AMMONIA-N,2009-10-12 11:32:00,2020-04-08 10:32:00,124,124,12
497,RITTAE2,"KJELDAHL NITROGEN, TOTAL",2006-07-10 10:50:00,2014-05-13 10:20:00,57,57,0
498,RITTAE2,"PHOSPHATE, ORTHO AS P",2009-10-12 11:32:00,2020-04-08 10:32:00,124,124,12
499,RITTAE2,"PHOSPHATE, TOTAL AS P",2006-07-10 10:50:00,2020-04-08 10:32:00,126,126,12
500,RITTAE2,NITRATE-N,2009-10-12 11:32:00,2020-01-15 11:38:00,120,120,11
501,RITTAE2,SILICA,2009-11-16 11:47:00,2020-04-08 10:32:00,42,42,4
502,RITTAE2,"CARBON, TOTAL ORGANIC",,,0,0,0
503,RITTAE2,"CARBON, DISSOLVED ORGANIC",,,0,0,0
504,RITTAE2,TOTAL NITROGEN,2014-06-03 10:36:00,2020-04-08 10:32:00,69,69,12
505,RITTAE2,"PHOSPHATE, DISSOLVED AS P",,,0,0,0
506,RITTAE2,"KJELDAHL NITROGEN, DIS",,,0,0,0
507,RITTAE2,"CARBON, TOTAL",,,0,0,0
508,RITTAE2,"CARBON, TOTAL INORGANIC",,,0,0,0
509,RITTAE2,"NITROGEN, TOTAL DISSOLVED",,,0,0,0
510,RITTAE2,CHLOROPHYLL-A,2009-10-12 11:32:00,2011-04-19 12:34:00,16,16,0
511,RITTAE2,PHEOPHYTIN,2009-10-12 11:32:00,2011-04-19 12:34:00,16,16,0
512,RITTAE2,"CHLOROPHYLL-A, CORRECTED",2006-07-10 10:50:00,2011-04-19 12:34:00,18,18,0
513,RITTAE2,CHLOROPHYLL-C,2009-10-12 11:32:00,2011-04-19 12:34:00,16,16,0
514,RITTAE2,CAROTENOIDS,2009-10-12 11:32:00,2011-04-19 12:34:00,16,16,0
515,RITTAE2,CHLOROPHYLL-B,2009-10-12 11:32:00,2011-04-19 12:34:00,16,16,0
516,RITTAE2,CHLOROPHYLL-A(LC),2010-10-21 12:30:00,2020-04-08 10:32:00,114,114,12
517,RITTAE2,PHEOPHYTIN-A(LC),2010-10-21 12:30:00,2020-04-08 10:32:00,114,114,12
518,RITTAE2,CHLOROPHYLL-B(LC),2010-10-21 12:30:00,2016-04-06 09:51:00,69,69,0
519,RITTAE2,RESP. PLANKTONIC,,,0,0,0
520,LZ2FA,NITRATE+NITRITE-N,,,0,0,0
521,LZ2FA,NITRITE-N,,,0,0,0
522,LZ2FA,AMMONIA-N,,,0,0,0
523,LZ2FA,"KJELDAHL NITROGEN, TOTAL",,,0,0,0
524,LZ2FA,"PHOSPHATE, ORTHO AS P",,,0,0,0
525,LZ2FA,"PHOSPHATE, TOTAL AS P",,,0,0,0
526,LZ2FA,NITRATE-N,,,0,0,0
527,LZ2FA,SILICA,,,0,0,0
528,LZ2FA,"CARBON, TOTAL ORGANIC",,,0,0,0
529,LZ2FA,"CARBON, DISSOLVED ORGANIC",,,0,0,0
530,LZ2FA,TOTAL NITROGEN,,,0,0,0
531,LZ2FA,"PHOSPHATE, DISSOLVED AS P",,,0,0,0
532,LZ2FA,"KJELDAHL NITROGEN, DIS",,,0,0,0
533,LZ2FA,"CARBON, TOTAL",,,0,0,0
534,LZ2FA,"CARBON, TOTAL INORGANIC",,,0,0,0
535,LZ2FA,"NITROGEN, TOTAL DISSOLVED",,,0,0,0
536,LZ2FA,CHLOROPHYLL-A,,,0,0,0
537,LZ2FA,PHEOPHYTIN,,,0,0,0
538,LZ2FA,"CHLOROPHYLL-A, CORRECTED",,,0,0,0
539,LZ2FA,CHLOROPHYLL-C,,,0,0,0
540,LZ2FA,CAROTENOIDS,,,0,0,0
541,LZ2FA,CHLOROPHYLL-B,,,0,0,0
542,LZ2FA,CHLOROPHYLL-A(LC),,,0,0,0
543,LZ2FA,PHEOPHYTIN-A(LC),,,0,0,0
544,LZ2FA,CHLOROPHYLL-B(LC),,,0,0,0
545,LZ2FA,RESP. PLANKTONIC,,,0,0,0
546,L007,NITRATE+NITRITE-N,1972-11-06 14:00:00,2020-06-03 12:19:00,830,277,12
547,L007,NITRITE-N,1972-11-06 14:00:00,2020-06-03 12:19:00,816,281,12
548,L007,AMMONIA-N,1972-11-06 14:00:00,2020-06-03 12:19:00,831,278,12
549,L007,"KJELDAHL NITROGEN, TOTAL",1972-11-06 14:00:00,2014-05-13 11:27:00,756,202,0
550,L007,"PHOSPHATE, ORTHO AS P",1972-11-06 14:00:00,2020-06-03 12:19:00,818,281,12
551,L007,"PHOSPHATE, TOTAL AS P",1972-11-06 14:00:00,2020-06-03 12:19:00,830,278,12
552,L007,NITRATE-N,1972-11-06 14:00:00,2020-01-15 11:02:00,687,172,11
553,L007,SILICA,1972-11-06 14:00:00,2020-06-03 12:19:00,344,96,4
554,L007,"CARBON, TOTAL ORGANIC",1977-10-11 11:10:00,2012-09-18 09:15:00,208,138,0
555,L007,"CARBON, DISSOLVED ORGANIC",1972-11-06 14:00:00,2012-09-18 09:15:00,159,141,0
556,L007,TOTAL NITROGEN,2014-06-03 09:25:00,2020-06-03 12:19:00,76,76,12
557,L007,"PHOSPHATE, DISSOLVED AS P",1974-09-25 00:00:00,1977-11-21 13:18:00,7,0,0
558,L007,"KJELDAHL NITROGEN, DIS",,,0,0,0
559,L007,"CARBON, TOTAL",1972-12-12 14:40:00,1977-09-13 14:25:00,15,0,0
560,L007,"CARBON, TOTAL INORGANIC",1972-12-12 14:40:00,1977-09-13 14:25:00,15,0,0
561,L007,"NITROGEN, TOTAL DISSOLVED",,,0,0,0
562,L007,CHLOROPHYLL-A,1974-09-13 00:00:00,2011-04-19 13:46:00,538,163,0
563,L007,PHEOPHYTIN,1974-09-13 00:00:00,2011-04-19 13:46:00,531,163,0
564,L007,"CHLOROPHYLL-A, CORRECTED",1979-12-11 10:25:00,2011-04-19 13:46:00,480,163,0
565,L007,CHLOROPHYLL-C,1980-02-06 09:27:00,2011-04-19 13:46:00,398,163,0
566,L007,CAROTENOIDS,1974-09-13 00:00:00,2011-04-19 13:46:00,496,163,0
567,L007,CHLOROPHYLL-B,1980-03-05 08:57:00,2011-04-19 13:46:00,399,163,0
568,L007,CHLOROPHYLL-A(LC),2010-10-21 13:32:00,2020-06-03 12:19:00,122,122,12
569,L007,PHEOPHYTIN-A(LC),2010-10-21 13:32:00,2020-06-03 12:19:00,122,122,12
570,L007,CHLOROPHYLL-B(LC),2010-10-21 13:32:00,2016-04-06 09:08:00,70,70,0
571,L007,RESP. PLANKTONIC,,,1,0,0
572,PELBAY3,NITRATE+NITRITE-N,2009-10-12 12:12:00,2020-06-03 12:47:00,149,149,11
573,PELBAY3,NITRITE-N,2009-10-12 12:12:00,2020-06-03 12:47:00,149,149,11
574,PELBAY3,AMMONIA-N,2009-10-12 12:12:00,2020-06-03 12:47:00,149,149,11
575,PELBAY3,"KJELDAHL NITROGEN, TOTAL",2009-10-12 12:12:00,2014-05-13 11:09:00,65,65,0
576,PELBAY3,"PHOSPHATE, ORTHO AS P",2009-10-12 12:12:00,2020-06-03 12:47:00,149,149,11
577,PELBAY3,"PHOSPHATE, TOTAL AS P",2009-10-12 12:12:00,2020-06-03 12:47:00,148,148,11
578,PELBAY3,NITRATE-N,2009-10-12 12:12:00,2020-01-15 09:48:00,140,140,10
579,PELBAY3,SILICA,2009-11-16 12:41:00,2020-06-03 12:47:00,56,56,4
580,PELBAY3,"CARBON, TOTAL ORGANIC",,,2,2,0
581,PELBAY3,"CARBON, DISSOLVED ORGANIC",,,2,2,0
582,PELBAY3,TOTAL NITROGEN,2014-06-03 08:55:00,2020-06-03 12:47:00,83,83,11
583,PELBAY3,"PHOSPHATE, DISSOLVED AS P",,,0,0,0
584,PELBAY3,"KJELDAHL NITROGEN, DIS",,,0,0,0
585,PELBAY3,"CARBON, TOTAL",,,0,0,0
586,PELBAY3,"CARBON, TOTAL INORGANIC",,,0,0,0
587,PELBAY3,"NITROGEN, TOTAL DISSOLVED",,,0,0,0
588,PELBAY3,CHLOROPHYLL-A,2009-10-12 12:12:00,2011-04-19 13:21:00,17,17,0
589,PELBAY3,PHEOPHYTIN,2009-10-12 12:12:00,2011-04-19 13:21:00,17,17,0
590,PELBAY3,"CHLOROPHYLL-A, CORRECTED",2009-10-12 12:12:00,2011-04-19 13:21:00,17,17,0
591,PELBAY3,CHLOROPHYLL-C,2009-10-12 12:12:00,2011-04-19 13:21:00,17,17,0
592,PELBAY3,CAROTENOIDS,2009-10-12 12:12:00,2011-04-19 13:21:00,17,17,0
593,PELBAY3,CHLOROPHYLL-B,2009-10-12 12:12:00,2011-04-19 13:21:00,17,17,0
594,PELBAY3,CHLOROPHYLL-A(LC),2010-10-21 13:08:00,2020-06-03 12:47:00,137,137,11
595,PELBAY3,PHEOPHYTIN-A(LC),2010-10-21 13:08:00,2020-06-03 12:47:00,137,137,11
596,PELBAY3,CHLOROPHYLL-B(LC),2010-10-21 13:08:00,2016-04-06 08:03:00,86,86,0
597,PELBAY3,RESP. PLANKTONIC,,,0,0,0
598,L006,NITRATE+NITRITE-N,1972-11-06 14:30:00,2020-06-03 13:26:00,1813,280,11
599,L006,NITRITE-N,1972-11-06 14:30:00,2020-06-03 13:26:00,933,279,11
600,L006,AMMONIA-N,1972-11-06 14:30:00,2020-06-03 13:26:00,1816,281,11
601,L006,"KJELDAHL NITROGEN, TOTAL",1972-11-06 14:30:00,2014-05-13 11:51:00,1735,203,0
602,L006,"PHOSPHATE, ORTHO AS P",1972-11-06 14:30:00,2020-06-03 13:26:00,940,279,11
603,L006,"PHOSPHATE, TOTAL AS P",1972-11-06 14:30:00,2020-06-03 13:26:00,1810,280,11
604,L006,NITRATE-N,1972-11-06 14:30:00,2020-01-15 10:18:00,820,186,10
605,L006,SILICA,1972-11-06 14:30:00,2020-06-03 13:26:00,330,100,3
606,L006,"CARBON, TOTAL ORGANIC",1977-10-11 10:40:00,2012-08-13 12:24:00,201,131,0
607,L006,"CARBON, DISSOLVED ORGANIC",1972-11-06 14:30:00,2012-08-13 12:24:00,148,132,0
608,L006,TOTAL NITROGEN,2014-06-03 09:50:00,2020-06-03 13:26:00,77,77,11
609,L006,"PHOSPHATE, DISSOLVED AS P",1974-08-28 14:40:00,1977-11-21 09:10:00,8,0,0
610,L006,"KJELDAHL NITROGEN, DIS",,,1,0,0
611,L006,"CARBON, TOTAL",1972-12-12 15:10:00,1977-09-13 09:57:00,14,0,0
612,L006,"CARBON, TOTAL INORGANIC",1972-12-12 15:10:00,1977-09-13 09:57:00,13,0,0
613,L006,"NITROGEN, TOTAL DISSOLVED",,,0,0,0
614,L006,CHLOROPHYLL-A,1974-09-13 00:00:00,2011-04-19 14:12:00,659,165,0
615,L006,PHEOPHYTIN,1974-10-01 00:00:00,2011-04-19 14:12:00,647,165,0
616,L006,"CHLOROPHYLL-A, CORRECTED",1979-12-11 10:14:00,2011-04-19 14:12:00,564,165,0
617,L006,CHLOROPHYLL-C,1979-12-11 10:14:00,2011-04-19 14:12:00,492,165,0
618,L006,CAROTENOIDS,1974-09-13 00:00:00,2011-04-19 14:12:00,621,165,0
619,L006,CHLOROPHYLL-B,1979-12-11 10:14:00,2011-04-19 14:12:00,496,165,0
620,L006,CHLOROPHYLL-A(LC),2010-10-21 13:54:00,2020-06-03 13:26:00,121,121,11
621,L006,PHEOPHYTIN-A(LC),2010-10-21 13:54:00,2020-06-03 13:26:00,121,121,11
622,L006,CHLOROPHYLL-B(LC),2010-10-21 13:54:00,2016-04-06 08:38:00,68,68,0
623,L006,RESP. PLANKTONIC,1973-05-09 15:40:00,1982-05-05 00:00:00,117,0,0
624,LZ30,NITRATE+NITRITE-N,1978-05-22 11:50:00,2020-06-03 11:44:00,597,321,24
625,LZ30,NITRITE-N,1978-05-22 11:50:00,2020-06-03 11:44:00,597,321,24
626,LZ30,AMMONIA-N,1978-05-22 11:50:00,2020-06-03 11:44:00,597,321,24
627,LZ30,"KJELDAHL NITROGEN, TOTAL",1978-05-22 11:50:00,2014-05-13 09:31:00,468,194,0
628,LZ30,"PHOSPHATE, ORTHO AS P",1978-05-22 11:50:00,2020-06-03 11:44:00,597,321,24
629,LZ30,"PHOSPHATE, TOTAL AS P",1978-05-22 11:50:00,2020-06-03 11:44:00,597,321,24
630,LZ30,NITRATE-N,1978-05-22 11:50:00,2020-01-15 12:30:00,479,220,22
631,LZ30,SILICA,1981-05-19 14:15:00,2020-06-03 11:44:00,174,111,8
632,LZ30,"CARBON, TOTAL ORGANIC",1978-05-22 11:50:00,2010-12-20 12:29:00,31,14,0
633,LZ30,"CARBON, DISSOLVED ORGANIC",2004-11-17 11:08:00,2010-12-20 12:29:00,14,14,0
634,LZ30,TOTAL NITROGEN,2014-06-03 11:25:00,2020-06-03 11:44:00,127,127,24
635,LZ30,"PHOSPHATE, DISSOLVED AS P",,,0,0,0
636,LZ30,"KJELDAHL NITROGEN, DIS",,,0,0,0
637,LZ30,"CARBON, TOTAL",,,0,0,0
638,LZ30,"CARBON, TOTAL INORGANIC",,,0,0,0
639,LZ30,"NITROGEN, TOTAL DISSOLVED",,,0,0,0
640,LZ30,CHLOROPHYLL-A,1982-07-09 08:11:00,2011-04-19 11:04:00,389,149,0
641,LZ30,PHEOPHYTIN,1982-07-09 08:11:00,2011-04-19 11:04:00,388,149,0
642,LZ30,"CHLOROPHYLL-A, CORRECTED",1982-07-09 08:11:00,2011-04-19 11:04:00,390,149,0
643,LZ30,CHLOROPHYLL-C,1985-08-01 10:40:00,2011-04-19 11:04:00,334,149,0
644,LZ30,CAROTENOIDS,1982-07-09 08:11:00,2011-04-19 11:04:00,345,149,0
645,LZ30,CHLOROPHYLL-B,1985-08-01 10:40:00,2011-04-19 11:04:00,344,149,0
646,LZ30,CHLOROPHYLL-A(LC),2010-10-21 11:32:00,2020-06-03 11:44:00,179,179,24
647,LZ30,PHEOPHYTIN-A(LC),2010-10-21 11:32:00,2020-06-03 11:44:00,179,179,24
648,LZ30,CHLOROPHYLL-B(LC),2010-10-21 11:32:00,2016-04-06 11:06:00,86,86,0
649,LZ30,RESP. PLANKTONIC,,,0,0,0
